{
    "Weights": [
        [
            -0.20959761246039815
        ],
        [
            -0.026618119343566688
        ],
        [
            -0.03296505383587923
        ],
        [
            0.13213094200874667
        ],
        [
            -0.05745812363186191
        ],
        [
            -0.25212077412790157
        ],
        [
            -0.0414759574147952
        ],
        [
            -0.12331299062034244
        ],
        [
            -0.15230787416590894
        ],
        [
            -0.16107727506853023
        ],
        [
            0.09407414012141618
        ],
        [
            -0.4240227394640724
        ],
        [
            0.2095729307972709
        ],
        [
            0.3702719919570378
        ],
        [
            0.04512780023671684
        ],
        [
            0.006891473379895963
        ],
        [
            -0.26386862683262546
        ],
        [
            0.09450426369443547
        ],
        [
            -1.6811146618598003
        ],
        [
            -0.11094011015632833
        ],
        [
            0.4904452684673583
        ]
    ],
    "Bias": [
        0.6558273536350014
    ]
}