{
    "Weights": [
        [
            -0.23495288756187815
        ],
        [
            0.03425432211070473
        ],
        [
            0.008972772542226908
        ],
        [
            -0.01331188626956391
        ],
        [
            0.1162038016160298
        ],
        [
            -0.11970619239313973
        ],
        [
            -0.02008963071881665
        ],
        [
            -0.08658379813569365
        ],
        [
            -0.21495209128472761
        ],
        [
            -0.2189057210997211
        ],
        [
            0.14691950627232503
        ],
        [
            -0.20954448697214548
        ],
        [
            0.07685031843933615
        ],
        [
            0.13167184428113007
        ],
        [
            0.08275993766646632
        ],
        [
            -0.02259920183184581
        ],
        [
            -0.030977396077024853
        ],
        [
            -0.26903309499490086
        ],
        [
            -1.2447181413375836
        ],
        [
            -0.1289889241583202
        ],
        [
            0.5300274257489851
        ]
    ],
    "Bias": [
        0.6298086895032463
    ]
}