{
    "Weights": [
        [
            -0.06856323068216341
        ],
        [
            0.01091760074954935
        ],
        [
            -0.016289039623818027
        ],
        [
            -0.03880872723223349
        ],
        [
            0.5485822767771753
        ],
        [
            -0.4925458198372863
        ],
        [
            0.16476253584977277
        ],
        [
            -0.12269455618367983
        ],
        [
            -0.1000571563416067
        ],
        [
            -0.34869540452738684
        ],
        [
            -0.10074133019491266
        ],
        [
            0.3206408758187748
        ],
        [
            -0.049237814127739296
        ],
        [
            -0.019759723301376143
        ],
        [
            -0.1552388534562031
        ],
        [
            0.11898375996331192
        ],
        [
            0.06591318115916675
        ],
        [
            -0.09959410473930574
        ],
        [
            -0.4683354980051434
        ],
        [
            -0.15783251516948557
        ],
        [
            0.6356735965010566
        ]
    ],
    "Bias": [
        0.5611991667956409
    ]
}