{
    "Weights": [
        [
            -0.13470530937359035
        ],
        [
            -0.06326647647568484
        ],
        [
            -0.035936089681410335
        ],
        [
            0.24378591979779288
        ],
        [
            -0.20956047669879035
        ],
        [
            -0.2797321320477256
        ],
        [
            -0.036436527780560626
        ],
        [
            -0.12977267095757014
        ],
        [
            -0.14602451878493075
        ],
        [
            -0.25864365147545915
        ],
        [
            0.17337555565263746
        ],
        [
            -0.317846558423001
        ],
        [
            0.06928053889918472
        ],
        [
            0.3539230245073025
        ],
        [
            0.07939282574828177
        ],
        [
            -0.048073957156095255
        ],
        [
            -0.24314331496556824
        ],
        [
            0.09739583806014616
        ],
        [
            -1.6874812612611276
        ],
        [
            -0.1115242652849939
        ],
        [
            0.48845529466587306
        ]
    ],
    "Bias": [
        0.6576514145693614
    ]
}