{
    "Weights": [
        [
            -0.09234693179982809
        ],
        [
            0.01701342412069201
        ],
        [
            -0.07826838573232725
        ],
        [
            0.29020317074407315
        ],
        [
            0.04320203789119292
        ],
        [
            -0.4667845305989728
        ],
        [
            0.1394866649461016
        ],
        [
            -0.12355477679292505
        ],
        [
            -0.10081803691983168
        ],
        [
            0.03580116736383753
        ],
        [
            -0.41538665308348677
        ],
        [
            0.16715915554890406
        ],
        [
            0.05598257843996474
        ],
        [
            0.2874453456441815
        ],
        [
            0.005894454834862347
        ],
        [
            -0.06564558667248298
        ],
        [
            -0.20860480990895816
        ],
        [
            0.17665757294172407
        ],
        [
            -1.5225230886964218
        ],
        [
            -0.11373318562008718
        ],
        [
            0.5194289110815419
        ]
    ],
    "Bias": [
        0.6355487636828752
    ]
}