{
    "Weights": [
        [
            0.6273706297070356
        ],
        [
            -0.018297027188209337
        ],
        [
            0.053938799271717894
        ],
        [
            0.02689463023161677
        ],
        [
            0.5162771108908621
        ],
        [
            -0.18974673484696508
        ],
        [
            0.2280121786565694
        ],
        [
            0.2058643178751387
        ],
        [
            -0.21068001306839235
        ],
        [
            0.29467466419019694
        ],
        [
            -0.13285169471435265
        ],
        [
            -0.06387627560360162
        ],
        [
            0.12294697318843122
        ],
        [
            0.026570060281818332
        ],
        [
            0.3671202812380918
        ],
        [
            -0.30985274168283894
        ],
        [
            -0.040803144403693585
        ],
        [
            -0.3806074984527323
        ],
        [
            -0.10276982860156948
        ],
        [
            0.1307045833834103
        ],
        [
            0.543786255870526
        ]
    ],
    "Bias": [
        0.5202744593276781
    ]
}