{
    "Weights": [
        [
            -0.05892780324175787
        ],
        [
            -0.015332891082641615
        ],
        [
            -0.18008319606594636
        ],
        [
            -0.12758740360672685
        ],
        [
            0.393400156045312
        ],
        [
            -0.17658199374092115
        ],
        [
            -0.007638303129398289
        ],
        [
            -0.05367578153525304
        ],
        [
            -0.15244860821268008
        ],
        [
            -0.2197245627766462
        ],
        [
            0.004299579061977793
        ],
        [
            0.140840189575412
        ],
        [
            -0.04762173532585109
        ],
        [
            0.4761557218347459
        ],
        [
            -0.21618944355530725
        ],
        [
            0.13902407501503217
        ],
        [
            -0.12416460960287996
        ],
        [
            -0.16578435457857107
        ],
        [
            0.09848087869663924
        ],
        [
            0.01349727756159014
        ],
        [
            0.039725904286444846
        ]
    ],
    "Bias": [
        0.9556465501136832
    ]
}