{
    "Weights": [
        [
            0.04408522697586665
        ],
        [
            0.48277108929799
        ],
        [
            -0.0014769758635596797
        ],
        [
            -0.015767519569962776
        ],
        [
            0.2649181268847674
        ],
        [
            0.0012897032670026018
        ],
        [
            -0.05447404361732749
        ],
        [
            -0.1956462410147826
        ],
        [
            -0.04421211353550075
        ],
        [
            2.9353797946848704e-05
        ],
        [
            -0.3990771110243206
        ],
        [
            0.542442609808852
        ],
        [
            -0.18785153538376712
        ],
        [
            0.5992983218232573
        ],
        [
            0.16173479210636366
        ],
        [
            -0.14805126835643354
        ],
        [
            -0.3868330565053886
        ],
        [
            -0.02052093989980653
        ],
        [
            -0.3298128316882905
        ],
        [
            -0.1555863383585045
        ],
        [
            0.7069781675873097
        ]
    ],
    "Bias": [
        0.5036957235718844
    ]
}