{
    "Weights": [
        [
            0.6866260010258807
        ],
        [
            -0.1178628851193158
        ],
        [
            0.11523464107803459
        ],
        [
            -0.05788615705923754
        ],
        [
            0.0012356641654053678
        ],
        [
            -0.3172999160579203
        ],
        [
            0.039481614408482545
        ],
        [
            -0.07084579804445984
        ],
        [
            -0.3492700460189226
        ],
        [
            0.30193160124028817
        ],
        [
            -0.28700507892645116
        ],
        [
            -0.2736253110666183
        ],
        [
            0.5147610790881054
        ],
        [
            0.6629175456369806
        ],
        [
            -0.19791546760361686
        ],
        [
            0.15392203024021675
        ],
        [
            0.10008182822320708
        ],
        [
            -0.2670829320954207
        ],
        [
            0.06610857542131716
        ],
        [
            -0.16629898375098054
        ],
        [
            0.7162270165349315
        ]
    ],
    "Bias": [
        0.49925464142851683
    ]
}