{
    "Weights": [
        [
            -0.310312785500988
        ],
        [
            -0.0033547473791887333
        ],
        [
            -0.023348309264258398
        ],
        [
            0.130584117662401
        ],
        [
            -0.20710711974577178
        ],
        [
            -0.3199267022064053
        ],
        [
            -0.04658962107501492
        ],
        [
            -0.12512865195614034
        ],
        [
            -0.12321576574745231
        ],
        [
            -0.2866921168546221
        ],
        [
            0.27270171873169724
        ],
        [
            -0.47262562652976536
        ],
        [
            0.10086993426515313
        ],
        [
            0.1846188410729142
        ],
        [
            0.03748014319653424
        ],
        [
            0.007638201195801665
        ],
        [
            -0.2845943041224397
        ],
        [
            0.18944370397982346
        ],
        [
            -1.7362913615547826
        ],
        [
            -0.11036513102752997
        ],
        [
            0.48504136151297267
        ]
    ],
    "Bias": [
        0.6591612492834213
    ]
}